account_id,account_name,industry,country,plan_tier,usage_count,error_count,total_tickets,avg_resolution_time,avg_satisfaction,mrr_amount,reason,feedback,churn_flag,error_rate,ticket_rate,engagement_level
A-00bed1,Company_306,Cybersecurity,US,Basic,514,27,40,31.75,4.0,3350.6,unknown,No Feedback,False,0.05242718446601942,0.07766990291262135,Medium
A-00cac8,Company_26,HealthTech,AU,Enterprise,602,31,18,33.0,3.9641630901287552,1569.0,Unknown,No Feedback,False,0.05140961857379768,0.029850746268656716,High
A-0158bb,Company_461,FinTech,DE,Basic,364,22,6,32.0,3.0,678.3333333333334,Unknown,No Feedback,False,0.06027397260273973,0.01643835616438356,Medium
A-016043,Company_405,EdTech,CA,Basic,490,21,33,30.33333333333333,4.0,1501.4545454545455,competitor,switched to competitor,False,0.04276985743380855,0.06720977596741344,Medium
A-019782,Company_142,DevTools,FR,Enterprise,562,30,18,10.0,3.0,928.1111111111111,Unknown,No Feedback,False,0.05328596802841918,0.03197158081705151,Medium
A-029f69,Company_129,Cybersecurity,CA,Basic,789,42,32,42.0,3.0,914.875,competitor,too expensive,False,0.053164556962025315,0.04050632911392405,High
A-02cd81,Company_76,HealthTech,IN,Basic,684,28,42,17.333333333333332,4.5,2354.0,pricing,No Feedback,False,0.040875912408759124,0.061313868613138686,High
A-02fac6,Company_52,FinTech,US,Pro,514,34,66,23.33333333333333,4.0,2400.909090909091,support,missing features,False,0.06601941747572816,0.12815533980582525,Medium
A-034368,Company_353,EdTech,US,Enterprise,265,25,25,41.2,4.0,2238.8,features,No Feedback,False,0.09398496240601503,0.09398496240601503,Low
A-0354fe,Company_380,Cybersecurity,US,Basic,463,30,28,20.0,4.0,2210.0,support,switched to competitor,False,0.06465517241379311,0.0603448275862069,Medium
A-038089,Company_156,DevTools,FR,Pro,210,15,18,30.166666666666668,3.6666666666666665,701.3333333333334,features,too expensive,True,0.07109004739336493,0.08530805687203792,Low
A-039727,Company_107,EdTech,AU,Pro,768,32,0,36.23851523363719,3.9641630901287552,2428.0,pricing,switched to competitor,False,0.04161248374512354,0.0,High
A-0532a9,Company_170,FinTech,IN,Pro,519,30,80,30.75,3.0,1516.1,pricing,too expensive,False,0.057692307692307696,0.15384615384615385,Medium
A-054577,Company_455,EdTech,UK,Basic,833,52,16,46.0,4.0,2787.5625,Unknown,No Feedback,False,0.06235011990407674,0.019184652278177457,High
A-05d3b3,Company_213,DevTools,AU,Basic,642,22,78,31.5,4.333333333333333,970.0,unknown,switched to competitor,False,0.03421461897356143,0.12130637636080871,High
A-05f0e5,Company_40,FinTech,US,Basic,706,46,48,20.0,4.0,4259.083333333333,features,No Feedback,False,0.06506364922206506,0.06789250353606789,High
A-0651a4,Company_255,HealthTech,FR,Pro,705,37,60,29.25,4.0,2970.9333333333334,support,too expensive,False,0.05240793201133145,0.08498583569405099,High
A-068fc6,Company_465,EdTech,US,Enterprise,598,29,50,38.8,4.333333333333333,2908.5,Unknown,No Feedback,False,0.048414023372287146,0.08347245409015025,Medium
A-075038,Company_397,HealthTech,UK,Basic,743,31,28,43.5,3.0,1350.642857142857,features,No Feedback,False,0.041666666666666664,0.03763440860215054,High
A-089363,Company_387,FinTech,AU,Basic,628,33,42,35.0,3.6666666666666665,1507.4285714285713,pricing,switched to competitor,False,0.05246422893481717,0.06677265500794913,High
A-08e34e,Company_32,EdTech,US,Basic,651,32,33,43.0,3.0,1983.7272727272727,features,missing features,True,0.049079754601226995,0.05061349693251534,High
A-09316c,Company_341,FinTech,AU,Enterprise,566,31,44,54.75,3.75,6363.636363636364,unknown,switched to competitor,False,0.054673721340388004,0.07760141093474426,Medium
A-09540c,Company_239,Cybersecurity,CA,Basic,297,16,12,28.0,4.5,3953.0,unknown,No Feedback,False,0.053691275167785234,0.040268456375838924,Low
A-098560,Company_349,DevTools,UK,Enterprise,567,32,22,28.0,3.0,1120.5454545454545,pricing,too expensive,True,0.056338028169014086,0.03873239436619718,Medium
A-0a282f,Company_2,DevTools,US,Basic,821,48,45,43.666666666666664,4.666666666666667,1219.0666666666666,support,too expensive,False,0.058394160583941604,0.05474452554744526,High
A-0a62f5,Company_381,FinTech,UK,Pro,244,7,8,33.5,3.9641630901287552,1215.25,support,too expensive,False,0.02857142857142857,0.0326530612244898,Low
A-0aaf6e,Company_114,FinTech,US,Enterprise,599,39,45,45.0,4.0,2676.0,Unknown,No Feedback,False,0.065,0.075,Medium
A-0b0d6d,Company_267,DevTools,US,Pro,582,48,65,31.4,4.0,2576.230769230769,competitor,No Feedback,False,0.0823327615780446,0.11149228130360206,Medium
A-0baac2,Company_264,FinTech,DE,Enterprise,202,9,36,43.5,4.333333333333333,3083.3333333333335,unknown,switched to competitor,True,0.04433497536945813,0.17733990147783252,Low
A-0be015,Company_454,FinTech,US,Pro,297,13,35,40.285714285714285,4.2,235.6,unknown,too expensive,False,0.0436241610738255,0.1174496644295302,Low
A-0cc442,Company_198,EdTech,US,Basic,765,41,39,37.0,3.0,4764.2307692307695,budget,No Feedback,False,0.05352480417754569,0.050913838120104436,High
A-0dbdc6,Company_366,Cybersecurity,DE,Pro,512,31,36,47.0,5.0,3141.4444444444443,pricing,too expensive,True,0.06042884990253411,0.07017543859649122,Medium
A-0e966d,Company_493,FinTech,IN,Basic,636,34,33,31.66666666666667,4.5,1131.3636363636363,Unknown,No Feedback,True,0.05337519623233909,0.05180533751962323,High
A-0f3e88,Company_428,HealthTech,US,Basic,598,28,33,48.0,4.5,511.27272727272725,budget,missing features,True,0.04674457429048414,0.05509181969949917,Medium
A-0f6450,Company_400,FinTech,US,Pro,539,39,88,29.75,3.833333333333334,2163.6363636363635,competitor,No Feedback,True,0.07222222222222222,0.16296296296296298,Medium
A-0f7d77,Company_457,FinTech,IN,Pro,298,19,30,27.2,5.0,387.6666666666667,competitor,missing features,False,0.06354515050167224,0.10033444816053512,Low
A-104f1a,Company_89,Cybersecurity,US,Pro,438,22,40,33.2,3.75,1577.125,unknown,missing features,False,0.05011389521640091,0.09111617312072894,Medium
A-10b8da,Company_9,DevTools,US,Enterprise,257,14,18,31.333333333333332,3.5,1464.5,Unknown,No Feedback,True,0.05426356589147287,0.06976744186046512,Low
A-10b8f2,Company_151,HealthTech,DE,Basic,560,23,36,46.333333333333336,4.333333333333333,2559.9166666666665,support,too expensive,False,0.040998217468805706,0.06417112299465241,Medium
A-117171,Company_135,HealthTech,FR,Basic,208,11,30,32.5,3.6666666666666665,2403.0,pricing,No Feedback,True,0.05263157894736842,0.14354066985645933,Low
A-118d55,Company_65,Cybersecurity,US,Basic,599,33,60,24.2,4.333333333333333,1993.25,pricing,too expensive,False,0.055,0.1,Medium
A-118f1c,Company_492,Cybersecurity,US,Pro,369,14,8,64.0,3.0,6520.0,budget,No Feedback,False,0.03783783783783784,0.021621621621621623,Medium
A-13466a,Company_196,DevTools,AU,Basic,205,14,18,32.333333333333336,4.333333333333333,2223.8333333333335,pricing,switched to competitor,True,0.06796116504854369,0.08737864077669903,Low
A-139c3b,Company_185,HealthTech,US,Enterprise,478,16,72,28.444444444444443,4.5,1128.375,Unknown,No Feedback,True,0.033402922755741124,0.15031315240083507,Medium
A-149a69,Company_302,DevTools,US,Basic,208,9,24,33.875,4.2,2686.0,pricing,No Feedback,False,0.0430622009569378,0.11483253588516747,Low
A-151c9a,Company_260,FinTech,US,Enterprise,366,14,10,31.0,3.5,2850.0,support,missing features,False,0.03814713896457766,0.027247956403269755,Medium
A-157070,Company_85,FinTech,US,Pro,696,26,48,42.333333333333336,3.0,1719.125,features,too expensive,False,0.03730272596843615,0.06886657101865136,High
A-158f4e,Company_180,FinTech,IN,Enterprise,453,29,60,27.600000000000005,4.333333333333333,3654.9166666666665,features,No Feedback,False,0.06387665198237885,0.13215859030837004,Medium
A-1619f8,Company_183,DevTools,US,Pro,432,26,21,42.0,5.0,2827.1428571428573,budget,No Feedback,False,0.06004618937644342,0.04849884526558892,Medium
A-17939a,Company_162,HealthTech,US,Basic,440,43,77,38.0,4.5,879.0,Unknown,No Feedback,False,0.09750566893424037,0.1746031746031746,Medium
A-180abf,Company_122,DevTools,US,Pro,499,28,27,36.333333333333336,3.0,4145.777777777777,support,No Feedback,True,0.056,0.054,Medium
A-186a44,Company_101,HealthTech,US,Enterprise,614,25,98,38.285714285714285,3.5,1499.2142857142858,Unknown,No Feedback,False,0.04065040650406504,0.15934959349593497,High
A-18793f,Company_488,EdTech,US,Basic,486,20,55,45.2,3.8,7144.363636363636,support,No Feedback,False,0.04106776180698152,0.11293634496919917,Medium
A-1986ca,Company_197,HealthTech,IN,Pro,362,23,49,36.57142857142857,3.4,3951.5714285714284,Unknown,No Feedback,False,0.06336088154269973,0.1349862258953168,Medium
A-19b2c8,Company_476,DevTools,IN,Pro,601,34,39,29.333333333333332,4.666666666666667,2054.076923076923,pricing,missing features,False,0.05647840531561462,0.06478405315614617,High
A-1ac5e0,Company_126,DevTools,US,Basic,558,31,70,40.42857142857143,3.8,1824.9,Unknown,No Feedback,True,0.055456171735241505,0.1252236135957066,Medium
A-1b707d,Company_56,Cybersecurity,US,Enterprise,399,12,24,42.666666666666664,3.9641630901287552,1166.5,competitor,missing features,False,0.03,0.06,Medium
A-1b7577,Company_39,Cybersecurity,US,Pro,647,33,55,27.2,4.0,797.3636363636364,Unknown,No Feedback,False,0.05092592592592592,0.08487654320987655,High
A-1b9609,Company_5,EdTech,IN,Enterprise,457,21,44,43.0,3.0,1528.1818181818182,unknown,No Feedback,False,0.04585152838427948,0.09606986899563319,Medium
A-1d5444,Company_427,Cybersecurity,US,Basic,592,35,28,30.0,4.0,2211.285714285714,support,too expensive,True,0.05902192242833052,0.047217537942664416,Medium
A-1e1b80,Company_416,FinTech,CA,Enterprise,682,47,72,43.0,3.2000000000000006,4053.9166666666665,features,switched to competitor,False,0.06881405563689605,0.1054172767203514,High
A-1e50e0,Company_415,Cybersecurity,DE,Pro,194,15,10,20.5,5.0,2659.0,pricing,switched to competitor,True,0.07692307692307693,0.05128205128205128,Low
A-1e6fc3,Company_434,EdTech,FR,Pro,244,19,20,23.8,3.6666666666666665,111.0,pricing,switched to competitor,False,0.07755102040816327,0.08163265306122448,Low
A-1f0636,Company_368,EdTech,AU,Pro,685,30,22,38.5,3.5,8610.0,Unknown,No Feedback,False,0.043731778425655975,0.03206997084548105,High
A-1f0ac7,Company_3,HealthTech,UK,Basic,382,21,14,29.0,3.9641630901287552,1325.0,support,missing features,False,0.05483028720626632,0.03655352480417755,Medium
A-1f559b,Company_357,HealthTech,US,Enterprise,400,27,50,50.4,4.2,1175.6,features,No Feedback,True,0.06733167082294264,0.12468827930174564,Medium
A-1f7acb,Company_281,FinTech,UK,Basic,510,47,56,41.714285714285715,4.4,5864.0,Unknown,No Feedback,False,0.09197651663405088,0.1095890410958904,Medium
A-202b67,Company_305,HealthTech,US,Pro,447,40,36,36.75,4.666666666666667,2018.6666666666667,pricing,No Feedback,False,0.08928571428571429,0.08035714285714286,Medium
A-20736a,Company_271,EdTech,IN,Enterprise,430,22,28,42.25,3.75,5789.285714285715,competitor,too expensive,False,0.05104408352668213,0.06496519721577726,Medium
A-22d9d2,Company_188,DevTools,FR,Pro,782,43,84,16.0,4.0,1339.0,pricing,No Feedback,False,0.05491698595146871,0.10727969348659004,High
A-22f2df,Company_106,DevTools,US,Basic,429,17,45,44.8,5.0,827.8888888888889,Unknown,No Feedback,False,0.03953488372093023,0.10465116279069768,Medium
A-241e75,Company_242,EdTech,US,Enterprise,266,20,20,31.5,4.5,718.8,features,switched to competitor,False,0.0749063670411985,0.0749063670411985,Low
A-2446e3,Company_241,EdTech,IN,Pro,496,32,21,28.666666666666668,4.0,3448.285714285714,unknown,No Feedback,False,0.06438631790744467,0.04225352112676056,Medium
A-249769,Company_214,Cybersecurity,US,Enterprise,678,30,26,39.5,4.0,1209.0,budget,No Feedback,True,0.044182621502209134,0.03829160530191458,High
A-271f46,Company_84,DevTools,US,Pro,373,16,8,36.0,3.9641630901287552,2450.5,features,missing features,True,0.0427807486631016,0.0213903743315508,Medium
A-2789e3,Company_268,FinTech,US,Enterprise,680,45,48,47.25,4.0,2040.75,Unknown,No Feedback,False,0.06607929515418502,0.07048458149779736,High
A-2922b6,Company_70,HealthTech,US,Basic,393,13,12,15.5,4.0,1778.1666666666667,competitor,missing features,False,0.03299492385786802,0.030456852791878174,Medium
A-296d7c,Company_182,DevTools,DE,Enterprise,357,18,35,50.4,3.75,284.14285714285717,budget,too expensive,False,0.05027932960893855,0.09776536312849161,Medium
A-297a2d,Company_448,HealthTech,UK,Pro,244,22,10,32.5,3.0,2874.6,Unknown,No Feedback,False,0.08979591836734693,0.04081632653061224,Low
A-2b9d3e,Company_319,EdTech,US,Enterprise,444,19,27,34.666666666666664,5.0,571.3333333333334,Unknown,No Feedback,False,0.04269662921348315,0.060674157303370786,Medium
A-2bc93d,Company_43,HealthTech,US,Basic,666,31,26,12.0,4.5,2491.846153846154,competitor,switched to competitor,False,0.046476761619190406,0.038980509745127435,High
A-2d1036,Company_399,FinTech,US,Pro,692,40,65,37.8,4.6,4973.307692307692,pricing,switched to competitor,True,0.05772005772005772,0.09379509379509379,High
A-2d4502,Company_45,FinTech,IN,Basic,465,19,30,26.333333333333332,5.0,2907.1,pricing,No Feedback,False,0.0407725321888412,0.06437768240343347,Medium
A-2e3bad,Company_108,FinTech,CA,Pro,435,26,50,31.4,3.5,4587.2,features,missing features,False,0.05963302752293578,0.11467889908256881,Medium
A-2e4581,Company_0,EdTech,US,Basic,535,38,20,23.0,3.0,1260.3,competitor,No Feedback,False,0.0708955223880597,0.03731343283582089,Medium
A-2ebb4b,Company_334,HealthTech,US,Basic,488,33,20,43.5,3.0,3068.8,features,missing features,False,0.06748466257668712,0.0408997955010225,Medium
A-2edab2,Company_301,HealthTech,US,Enterprise,487,26,40,30.0,3.0,1139.0,features,too expensive,False,0.05327868852459016,0.08196721311475409,Medium
A-2f6a32,Company_160,HealthTech,US,Basic,654,46,22,41.0,3.5,683.0,Unknown,No Feedback,False,0.07022900763358779,0.03358778625954199,High
A-309e54,Company_371,DevTools,US,Pro,509,24,55,23.8,3.0,2595.3636363636365,support,missing features,False,0.047058823529411764,0.10784313725490197,Medium
A-30b4ca,Company_23,EdTech,IN,Basic,402,22,24,57.666666666666664,4.0,9492.25,features,No Feedback,True,0.05459057071960298,0.05955334987593052,Medium
A-310452,Company_321,DevTools,FR,Enterprise,268,16,25,34.2,3.6,2200.6,budget,too expensive,False,0.05947955390334572,0.09293680297397769,Low
A-313be3,Company_136,EdTech,US,Enterprise,560,40,44,22.5,5.0,1727.8181818181818,features,too expensive,False,0.07130124777183601,0.0784313725490196,Medium
A-31ab9a,Company_460,FinTech,DE,Pro,340,23,49,43.142857142857146,3.5,2257.4285714285716,competitor,too expensive,False,0.06744868035190615,0.1436950146627566,Medium
A-32728c,Company_54,DevTools,US,Pro,418,22,16,34.5,3.5,562.25,budget,missing features,True,0.05250596658711217,0.03818615751789976,Medium
A-328bd0,Company_237,HealthTech,AU,Enterprise,568,49,65,46.0,3.6666666666666665,1229.1538461538462,Unknown,No Feedback,False,0.08611599297012303,0.11423550087873462,Medium
A-32fb14,Company_25,DevTools,US,Enterprise,488,19,45,34.0,4.5,1129.111111111111,competitor,too expensive,True,0.03885480572597137,0.09202453987730061,Medium
A-331424,Company_246,DevTools,US,Basic,214,9,12,24.5,3.9641630901287552,1129.3333333333333,competitor,switched to competitor,False,0.04186046511627907,0.05581395348837209,Low
A-337bc1,Company_424,Cybersecurity,US,Pro,425,34,28,32.5,4.0,2768.4285714285716,unknown,missing features,False,0.07981220657276995,0.06572769953051644,Medium
A-342303,Company_294,EdTech,US,Pro,141,5,9,29.333333333333332,4.5,565.0,features,switched to competitor,False,0.035211267605633804,0.06338028169014084,Low
A-34d880,Company_207,Cybersecurity,AU,Enterprise,474,40,45,52.2,3.0,2329.3333333333335,unknown,missing features,False,0.08421052631578947,0.09473684210526316,Medium
A-34ea2f,Company_436,HealthTech,US,Enterprise,550,30,96,35.25,3.7999999999999994,1215.25,unknown,too expensive,True,0.0544464609800363,0.17422867513611615,Medium
A-35083d,Company_27,HealthTech,IN,Basic,791,37,64,49.75,5.0,2027.0625,Unknown,No Feedback,True,0.04671717171717172,0.08080808080808081,High
A-354f12,Company_201,FinTech,US,Pro,158,3,8,56.5,3.9641630901287552,2222.25,competitor,missing features,False,0.018867924528301886,0.050314465408805034,Low
A-378b99,Company_60,EdTech,UK,Pro,565,38,72,28.5,4.5,1009.6666666666666,pricing,switched to competitor,False,0.06713780918727916,0.127208480565371,Medium
A-3793ee,Company_332,Cybersecurity,CA,Enterprise,352,11,28,43.75,4.0,3815.0,unknown,No Feedback,False,0.031161473087818695,0.07932011331444759,Medium
A-37f969,Company_150,HealthTech,IN,Enterprise,312,14,40,22.2,3.6666666666666665,2869.875,competitor,No Feedback,False,0.04472843450479233,0.12779552715654952,Medium
A-3932db,Company_144,HealthTech,CA,Pro,434,28,54,41.0,4.333333333333333,1565.2222222222222,Unknown,No Feedback,True,0.06436781609195402,0.12413793103448276,Medium
A-396e5f,Company_30,Cybersecurity,CA,Enterprise,540,23,50,24.8,4.0,1023.6,features,too expensive,False,0.04251386321626617,0.09242144177449169,Medium
A-39868b,Company_422,FinTech,AU,Pro,305,21,30,39.0,4.25,838.8,budget,too expensive,False,0.06862745098039216,0.09803921568627451,Medium
A-39b19f,Company_176,FinTech,US,Enterprise,530,37,66,47.83333333333334,4.25,1930.6363636363637,unknown,No Feedback,False,0.0696798493408663,0.12429378531073447,Medium
A-39ddf4,Company_435,EdTech,US,Enterprise,455,36,45,23.0,4.25,3981.777777777778,support,No Feedback,False,0.07894736842105263,0.09868421052631579,Medium
A-3a5ad8,Company_94,HealthTech,US,Enterprise,506,23,52,44.75,4.5,2207.769230769231,Unknown,No Feedback,False,0.045364891518737675,0.10256410256410256,Medium
A-3a7284,Company_93,FinTech,US,Enterprise,609,30,36,56.333333333333336,3.5,2959.9166666666665,unknown,missing features,False,0.04918032786885246,0.05901639344262295,High
A-3b37d9,Company_384,FinTech,US,Enterprise,451,21,35,36.0,4.5,2776.4285714285716,support,switched to competitor,False,0.046460176991150445,0.07743362831858407,Medium
A-3b5cd1,Company_49,FinTech,US,Basic,523,24,65,27.4,4.0,1821.2307692307693,unknown,missing features,False,0.04580152671755725,0.12404580152671756,Medium
A-3be56b,Company_200,HealthTech,IN,Pro,528,33,48,40.25,3.5,1420.0,pricing,switched to competitor,True,0.062381852551984876,0.09073724007561437,Medium
A-3c1a3f,Company_224,DevTools,UK,Pro,497,22,48,33.25,3.5,1242.4166666666667,Unknown,No Feedback,False,0.04417670682730924,0.0963855421686747,Medium
A-3cc791,Company_423,EdTech,US,Enterprise,447,30,48,48.333333333333336,4.25,1065.25,features,No Feedback,False,0.06696428571428571,0.10714285714285714,Medium
A-3ce5b8,Company_256,FinTech,IN,Basic,509,29,90,42.5,3.7142857142857144,1850.0,features,too expensive,True,0.056862745098039215,0.17647058823529413,Medium
A-3d957b,Company_311,HealthTech,UK,Pro,143,13,18,41.333333333333336,3.0,1975.3333333333333,budget,too expensive,False,0.09027777777777778,0.125,Low
A-3f9cc0,Company_359,HealthTech,US,Basic,407,24,35,34.8,4.5,2848.5714285714284,budget,switched to competitor,False,0.058823529411764705,0.0857843137254902,Medium
A-40906c,Company_235,EdTech,US,Basic,685,32,60,29.2,3.75,5366.666666666667,Unknown,No Feedback,False,0.04664723032069971,0.08746355685131195,High
A-40a557,Company_86,Cybersecurity,AU,Pro,402,17,63,30.571428571428573,3.6666666666666665,2591.5555555555557,budget,switched to competitor,False,0.04218362282878412,0.15632754342431762,Medium
A-40de06,Company_369,Cybersecurity,US,Enterprise,902,43,48,40.333333333333336,4.0,1803.875,Unknown,No Feedback,True,0.047619047619047616,0.053156146179401995,High
A-410e86,Company_210,FinTech,US,Basic,292,21,35,42.6,3.5,2280.0,Unknown,No Feedback,False,0.07167235494880546,0.11945392491467577,Low
A-417d2f,Company_285,Cybersecurity,IN,Pro,722,31,96,43.5,4.333333333333333,1433.3125,budget,missing features,False,0.042876901798063624,0.13278008298755187,High
A-425e76,Company_110,DevTools,UK,Enterprise,438,24,55,48.2,3.333333333333334,1555.5454545454545,competitor,switched to competitor,True,0.05466970387243736,0.1252847380410023,Medium
A-427b69,Company_453,FinTech,US,Basic,698,36,20,31.5,3.0,1995.8,Unknown,No Feedback,False,0.05150214592274678,0.02861230329041488,High
A-42b791,Company_464,FinTech,AU,Pro,312,6,21,33.666666666666664,4.0,2722.8571428571427,Unknown,No Feedback,False,0.019169329073482427,0.0670926517571885,Medium
A-42e5e1,Company_118,DevTools,US,Pro,411,41,21,29.0,4.0,1273.7142857142858,pricing,too expensive,True,0.09951456310679611,0.050970873786407765,Medium
A-432483,Company_78,Cybersecurity,US,Pro,451,28,9,51.0,3.9641630901287552,2868.1111111111113,Unknown,No Feedback,False,0.061946902654867256,0.01991150442477876,Medium
A-439b2f,Company_152,DevTools,US,Enterprise,171,5,18,18.333333333333332,3.9641630901287552,299.3333333333333,features,switched to competitor,True,0.029069767441860465,0.10465116279069768,Low
A-43a9e3,Company_1,FinTech,IN,Basic,355,14,24,38.0,4.0,1250.5,Unknown,No Feedback,True,0.03932584269662921,0.06741573033707865,Medium
A-4437e4,Company_192,Cybersecurity,US,Enterprise,806,43,96,34.666666666666664,3.0,1114.4375,features,too expensive,False,0.05328376703841388,0.11895910780669144,High
A-443b7c,Company_280,Cybersecurity,US,Enterprise,618,29,128,29.25,4.4,1503.875,Unknown,No Feedback,True,0.046849757673667204,0.20678513731825526,High
A-443f6f,Company_304,Cybersecurity,US,Basic,527,28,36,28.0,4.666666666666667,1510.4444444444443,Unknown,No Feedback,False,0.05303030303030303,0.06818181818181818,Medium
A-44dc83,Company_35,EdTech,FR,Basic,248,13,28,40.857142857142854,4.6,114.0,unknown,missing features,False,0.05220883534136546,0.11244979919678715,Low
A-45ce7a,Company_31,FinTech,US,Enterprise,424,30,35,45.4,3.6666666666666665,1173.7142857142858,Unknown,No Feedback,False,0.07058823529411765,0.08235294117647059,Medium
A-462d45,Company_13,Cybersecurity,US,Enterprise,642,26,48,26.75,4.0,1952.6666666666667,competitor,missing features,False,0.04043545878693624,0.07465007776049767,High
A-463db0,Company_16,HealthTech,US,Basic,367,13,42,50.166666666666664,4.25,1895.142857142857,features,No Feedback,False,0.035326086956521736,0.11413043478260869,Medium
A-474ad4,Company_261,EdTech,US,Basic,605,45,45,33.0,5.0,808.3333333333334,Unknown,No Feedback,False,0.07425742574257425,0.07425742574257425,High
A-4814a3,Company_337,Cybersecurity,IN,Basic,587,45,44,18.75,4.0,7996.090909090909,pricing,too expensive,True,0.07653061224489796,0.07482993197278912,Medium
A-484819,Company_109,HealthTech,US,Pro,336,20,40,33.2,4.5,2575.5,support,No Feedback,False,0.05934718100890208,0.11869436201780416,Medium
A-49b828,Company_391,FinTech,IN,Pro,687,45,42,13.666666666666666,3.5,2222.0,Unknown,No Feedback,False,0.06540697674418605,0.061046511627906974,High
A-4a267b,Company_451,FinTech,US,Pro,498,22,40,16.25,4.333333333333333,2968.7,support,missing features,False,0.04408817635270541,0.08016032064128256,Medium
A-4a4c2d,Company_473,DevTools,US,Enterprise,587,37,65,42.0,4.25,2612.769230769231,Unknown,No Feedback,False,0.06292517006802721,0.11054421768707483,Medium
A-4ae22a,Company_229,EdTech,US,Pro,369,31,21,14.333333333333334,3.0,1347.4285714285713,pricing,No Feedback,True,0.08378378378378379,0.05675675675675676,Medium
A-4bfa33,Company_251,Cybersecurity,US,Basic,329,17,28,16.5,3.6666666666666665,800.8571428571429,unknown,switched to competitor,False,0.051515151515151514,0.08484848484848485,Medium
A-4c38bc,Company_55,HealthTech,UK,Basic,818,27,48,48.333333333333336,3.5,3003.75,Unknown,No Feedback,True,0.03296703296703297,0.05860805860805861,High
A-4c56c9,Company_449,FinTech,US,Enterprise,623,38,65,38.6,3.75,2343.923076923077,budget,missing features,True,0.060897435897435896,0.10416666666666667,High
A-4c6f11,Company_146,FinTech,CA,Pro,268,4,15,44.666666666666664,4.333333333333333,1517.2,competitor,too expensive,True,0.01486988847583643,0.055762081784386616,Low
A-4d1e75,Company_58,DevTools,US,Basic,477,25,26,15.0,4.0,2414.6153846153848,budget,missing features,False,0.05230125523012552,0.05439330543933055,Medium
A-4e0e85,Company_409,DevTools,US,Enterprise,288,9,16,53.0,5.0,568.0,pricing,No Feedback,False,0.031141868512110725,0.05536332179930796,Low
A-4e44e8,Company_22,DevTools,US,Enterprise,687,37,42,31.333333333333332,3.3333333333333335,2603.214285714286,budget,switched to competitor,True,0.05377906976744186,0.061046511627906974,High
A-4e631b,Company_298,FinTech,US,Enterprise,502,29,22,24.5,4.0,2218.0,Unknown,No Feedback,False,0.05765407554671968,0.0437375745526839,Medium
A-4e960a,Company_277,FinTech,US,Enterprise,512,21,72,29.166666666666668,4.0,1995.1666666666667,Unknown,No Feedback,True,0.04093567251461988,0.14035087719298245,Medium
A-4ef964,Company_262,HealthTech,US,Pro,487,33,27,42.666666666666664,4.0,1586.5555555555557,budget,too expensive,False,0.06762295081967214,0.055327868852459015,Medium
A-4f18f0,Company_145,DevTools,CA,Pro,544,25,60,39.2,4.0,2522.0,features,missing features,False,0.045871559633027525,0.11009174311926606,Medium
A-503d5a,Company_99,FinTech,US,Enterprise,605,32,108,36.55555555555556,4.0,1490.3333333333333,Unknown,No Feedback,True,0.052805280528052806,0.1782178217821782,High
A-508199,Company_208,FinTech,AU,Basic,231,15,15,50.666666666666664,3.0,1687.2,Unknown,No Feedback,False,0.06465517241379311,0.06465517241379311,Low
A-50bb9f,Company_373,Cybersecurity,US,Pro,276,15,56,33.285714285714285,4.0,2157.875,unknown,too expensive,False,0.05415162454873646,0.20216606498194944,Low
A-50f3f7,Company_140,HealthTech,US,Basic,685,45,90,37.833333333333336,5.0,2938.4666666666667,Unknown,No Feedback,True,0.06559766763848396,0.13119533527696792,High
A-51ec1b,Company_247,DevTools,US,Enterprise,283,12,18,52.333333333333336,5.0,1847.8333333333333,unknown,too expensive,False,0.04225352112676056,0.06338028169014084,Low
A-524364,Company_388,DevTools,FR,Enterprise,237,24,18,47.666666666666664,4.333333333333333,1592.0,Unknown,No Feedback,False,0.10084033613445378,0.07563025210084033,Low
A-5247b3,Company_375,FinTech,UK,Pro,610,29,55,45.8,4.0,1071.909090909091,pricing,No Feedback,False,0.04746317512274959,0.09001636661211129,High
A-526d93,Company_66,HealthTech,FR,Basic,565,45,45,51.4,3.5,4355.666666666667,support,missing features,False,0.07950530035335689,0.07950530035335689,Medium
A-52dd88,Company_127,Cybersecurity,US,Pro,516,33,11,72.0,3.9641630901287552,1508.3636363636363,Unknown,No Feedback,False,0.06382978723404255,0.02127659574468085,Medium
A-533452,Company_279,DevTools,AU,Pro,595,44,44,32.75,4.0,1878.5454545454545,support,missing features,False,0.0738255033557047,0.0738255033557047,Medium
A-53f4e3,Company_194,Cybersecurity,UK,Enterprise,410,45,50,28.6,4.0,1507.2,competitor,too expensive,False,0.10948905109489052,0.12165450121654502,Medium
A-544d0a,Company_153,DevTools,US,Basic,510,22,20,38.5,4.0,1849.2,Unknown,No Feedback,False,0.043052837573385516,0.03913894324853229,Medium
A-54d94a,Company_385,Cybersecurity,IN,Basic,582,28,44,53.75,3.5,1141.5454545454545,Unknown,No Feedback,False,0.048027444253859346,0.07547169811320754,Medium
A-54ecc2,Company_289,Cybersecurity,US,Enterprise,607,39,55,37.4,5.0,1469.8181818181818,support,No Feedback,False,0.06414473684210527,0.09046052631578948,High
A-558c72,Company_438,FinTech,US,Basic,296,16,28,64.25,4.5,1310.142857142857,support,switched to competitor,False,0.05387205387205387,0.09427609427609428,Low
A-55f257,Company_496,FinTech,US,Basic,476,25,60,43.166666666666664,5.0,1213.7,Unknown,No Feedback,False,0.05241090146750524,0.12578616352201258,Medium
A-560d27,Company_266,DevTools,US,Pro,587,38,48,30.75,3.6666666666666665,3470.0833333333335,Unknown,No Feedback,False,0.06462585034013606,0.08163265306122448,Medium
A-56962b,Company_177,EdTech,UK,Enterprise,271,25,28,37.5,3.0,7800.714285714285,pricing,No Feedback,False,0.09191176470588236,0.10294117647058823,Low
A-5790f4,Company_446,FinTech,UK,Pro,321,26,24,44.0,4.0,3154.3333333333335,competitor,too expensive,False,0.08074534161490683,0.07453416149068323,Medium
A-58b9ff,Company_425,DevTools,IN,Enterprise,667,32,26,66.0,4.0,1741.6923076923076,pricing,too expensive,False,0.04790419161676647,0.038922155688622756,High
A-592832,Company_10,Cybersecurity,US,Basic,1053,55,57,32.666666666666664,5.0,1714.2631578947369,support,switched to competitor,True,0.05218216318785579,0.054079696394686905,
A-59f724,Company_432,HealthTech,US,Enterprise,696,47,48,19.25,4.25,814.4166666666666,Unknown,No Feedback,False,0.06743185078909612,0.06886657101865136,High
A-5a184f,Company_124,DevTools,DE,Enterprise,587,29,30,15.333333333333334,4.333333333333333,2068.3,support,switched to competitor,True,0.04931972789115646,0.05102040816326531,Medium
A-5a215a,Company_358,EdTech,FR,Enterprise,807,71,72,29.5,4.0,7230.666666666667,Unknown,No Feedback,False,0.08787128712871287,0.0891089108910891,High
A-5a3eb9,Company_283,DevTools,CA,Enterprise,722,34,39,24.0,3.9641630901287552,1561.0,competitor,missing features,False,0.04702627939142462,0.05394190871369295,High
A-5a92e7,Company_413,HealthTech,US,Pro,885,76,133,45.0,4.4,666.8947368421053,budget,missing features,False,0.08577878103837472,0.15011286681715574,High
A-5b051a,Company_181,Cybersecurity,US,Enterprise,171,17,4,2.0,3.0,583.0,Unknown,No Feedback,False,0.09883720930232558,0.023255813953488372,Low
A-5b1bcd,Company_166,DevTools,US,Pro,869,54,60,43.25,4.5,8886.533333333333,competitor,No Feedback,False,0.06206896551724138,0.06896551724137931,High
A-5b4ebb,Company_69,Cybersecurity,UK,Basic,692,25,65,35.4,4.75,2138.6923076923076,Unknown,No Feedback,True,0.03607503607503607,0.09379509379509379,High
A-5c046d,Company_130,EdTech,FR,Basic,475,23,8,13.0,3.0,10485.75,Unknown,No Feedback,False,0.04831932773109244,0.01680672268907563,Medium
A-5c9849,Company_362,EdTech,IN,Basic,473,23,36,59.5,3.9641630901287552,4083.8888888888887,unknown,too expensive,False,0.04852320675105485,0.0759493670886076,Medium
A-5ed98d,Company_479,DevTools,US,Basic,312,18,40,35.8,5.0,1934.75,competitor,missing features,False,0.05750798722044728,0.12779552715654952,Medium
A-5f2961,Company_284,HealthTech,US,Basic,348,19,7,53.0,3.9641630901287552,1471.2857142857142,pricing,switched to competitor,False,0.054441260744985676,0.02005730659025788,Medium
A-5f7781,Company_483,DevTools,US,Pro,183,10,10,28.5,4.0,2050.4,pricing,No Feedback,False,0.05434782608695652,0.05434782608695652,Low
A-5fe118,Company_374,Cybersecurity,US,Enterprise,233,12,5,19.0,4.0,4458.0,features,No Feedback,False,0.05128205128205128,0.021367521367521368,Low
A-600734,Company_327,DevTools,US,Pro,660,30,91,52.57142857142857,3.6666666666666665,1394.7692307692307,Unknown,No Feedback,True,0.0453857791225416,0.13767019667170954,High
A-625d0b,Company_290,EdTech,AU,Basic,529,38,55,48.4,3.0,1081.1818181818182,Unknown,No Feedback,False,0.07169811320754717,0.10377358490566038,Medium
A-659280,Company_417,FinTech,IN,Enterprise,613,34,48,8.0,4.333333333333333,1787.5,pricing,switched to competitor,True,0.05537459283387622,0.0781758957654723,High
A-65a46c,Company_95,HealthTech,US,Pro,370,21,64,45.125,4.0,2834.375,Unknown,No Feedback,False,0.05660377358490566,0.1725067385444744,Medium
A-65aeb5,Company_120,DevTools,US,Pro,533,40,24,42.5,5.0,2866.0,budget,missing features,False,0.0749063670411985,0.0449438202247191,Medium
A-65c341,Company_308,FinTech,US,Pro,410,18,40,41.4,4.0,3818.25,unknown,switched to competitor,False,0.043795620437956206,0.09732360097323602,Medium
A-66224b,Company_87,HealthTech,US,Pro,626,29,72,39.833333333333336,3.5,5765.333333333333,Unknown,No Feedback,False,0.046251993620414676,0.11483253588516747,High
A-671f31,Company_137,DevTools,US,Basic,167,16,42,33.0,4.2,5064.166666666667,Unknown,No Feedback,False,0.09523809523809523,0.25,Low
A-67be94,Company_276,EdTech,US,Enterprise,416,17,35,38.6,4.0,3132.8571428571427,competitor,too expensive,False,0.0407673860911271,0.08393285371702638,Medium
A-684255,Company_20,FinTech,US,Enterprise,653,44,56,14.25,4.666666666666667,846.0,unknown,too expensive,False,0.0672782874617737,0.0856269113149847,High
A-6843f2,Company_335,HealthTech,CA,Enterprise,481,17,18,36.5,3.0,1835.5555555555557,Unknown,No Feedback,False,0.035269709543568464,0.03734439834024896,Medium
A-68f37c,Company_202,HealthTech,US,Basic,624,40,60,20.2,4.0,2689.1666666666665,features,too expensive,False,0.064,0.096,High
A-692f18,Company_195,EdTech,US,Basic,871,55,34,37.5,5.0,1797.0588235294117,support,switched to competitor,True,0.06307339449541284,0.0389908256880734,High
A-6965e1,Company_379,DevTools,US,Basic,627,29,36,39.0,3.0,2313.75,features,No Feedback,False,0.04617834394904458,0.05732484076433121,High
A-69b156,Company_396,EdTech,US,Pro,360,20,63,32.0,4.0,1588.111111111111,Unknown,No Feedback,True,0.055401662049861494,0.1745152354570637,Medium
A-69fad4,Company_103,FinTech,UK,Basic,412,24,28,43.0,3.6666666666666665,1245.857142857143,support,No Feedback,True,0.05811138014527845,0.06779661016949153,Medium
A-6a4e2d,Company_46,EdTech,UK,Pro,597,31,22,18.5,4.5,944.9090909090909,budget,No Feedback,False,0.051839464882943144,0.03678929765886288,Medium
A-6a7c9d,Company_324,Cybersecurity,US,Enterprise,189,6,15,34.333333333333336,4.0,2605.6,support,too expensive,True,0.031578947368421054,0.07894736842105263,Low
A-6c093d,Company_12,DevTools,US,Basic,670,30,36,40.333333333333336,5.0,1353.5,Unknown,No Feedback,False,0.044709388971684055,0.05365126676602087,High
A-6da850,Company_293,FinTech,IN,Pro,714,54,80,49.0,4.0,1159.9375,competitor,missing features,False,0.07552447552447553,0.11188811188811189,High
A-6dee43,Company_478,FinTech,UK,Basic,461,11,55,44.2,4.333333333333333,2070.0,pricing,switched to competitor,False,0.023809523809523808,0.11904761904761904,Medium
A-6e08f3,Company_220,Cybersecurity,US,Basic,492,21,20,36.5,3.5,1819.0,competitor,No Feedback,False,0.04259634888438134,0.04056795131845842,Medium
A-6e7827,Company_372,DevTools,US,Basic,419,31,18,51.0,3.5,927.1111111111111,features,missing features,False,0.07380952380952381,0.04285714285714286,Medium
A-6f50ae,Company_466,FinTech,US,Pro,811,48,70,31.0,4.5,1900.5714285714287,features,No Feedback,True,0.059113300492610835,0.08620689655172414,High
A-6f8ad2,Company_57,EdTech,IN,Basic,924,59,68,35.25,4.333333333333333,1525.1764705882354,Unknown,No Feedback,False,0.06378378378378378,0.07351351351351351,High
A-700ade,Company_472,Cybersecurity,UK,Enterprise,284,18,32,30.25,4.666666666666667,2109.375,Unknown,No Feedback,False,0.06315789473684211,0.11228070175438597,Low
A-702032,Company_186,HealthTech,US,Pro,285,15,24,26.0,3.0,1423.3333333333333,competitor,switched to competitor,False,0.05244755244755245,0.08391608391608392,Low
A-712426,Company_155,HealthTech,US,Enterprise,696,31,90,37.333333333333336,4.4,746.4666666666667,features,missing features,False,0.04447632711621234,0.1291248206599713,High
A-712533,Company_498,EdTech,US,Pro,571,35,60,37.4,3.75,1615.1666666666667,unknown,missing features,False,0.06118881118881119,0.1048951048951049,Medium
A-712f1c,Company_331,DevTools,US,Basic,631,34,72,41.666666666666664,4.0,3583.25,budget,No Feedback,True,0.05379746835443038,0.11392405063291139,High
A-71615e,Company_167,EdTech,US,Basic,620,41,13,49.0,3.9641630901287552,3131.769230769231,pricing,missing features,False,0.06602254428341385,0.020933977455716585,High
A-716841,Company_437,FinTech,US,Pro,344,13,40,29.8,4.0,3279.25,unknown,too expensive,False,0.03768115942028986,0.11594202898550725,Medium
A-726cfa,Company_82,DevTools,US,Pro,993,45,57,35.666666666666664,4.0,1830.6315789473683,support,too expensive,False,0.04527162977867203,0.05734406438631791,High
A-72799b,Company_394,DevTools,FR,Enterprise,550,34,20,33.5,4.5,1731.5,pricing,switched to competitor,True,0.06170598911070781,0.036297640653357534,Medium
A-751bd4,Company_408,Cybersecurity,UK,Pro,92,0,12,23.166666666666668,4.25,95.0,budget,No Feedback,False,0.0,0.12903225806451613,Low
A-751c58,Company_393,FinTech,UK,Basic,574,12,55,39.6,4.333333333333333,1781.5454545454545,budget,too expensive,False,0.020869565217391306,0.09565217391304348,Medium
A-756192,Company_390,FinTech,IN,Basic,617,43,30,37.333333333333336,4.0,2140.0,Unknown,No Feedback,False,0.06957928802588997,0.04854368932038835,High
A-7641d3,Company_429,EdTech,US,Pro,519,26,55,45.2,4.333333333333333,1096.3636363636363,unknown,missing features,True,0.05,0.10576923076923077,Medium
A-76fa4d,Company_226,HealthTech,US,Pro,357,21,35,33.4,4.5,8812.285714285714,pricing,too expensive,False,0.05865921787709497,0.09776536312849161,Medium
A-779e4e,Company_193,HealthTech,US,Basic,393,20,50,26.6,4.0,2808.1,Unknown,No Feedback,False,0.050761421319796954,0.12690355329949238,Medium
A-781cc0,Company_499,EdTech,US,Pro,864,42,64,57.5,3.6666666666666665,1144.6875,budget,too expensive,False,0.048554913294797684,0.07398843930635839,High
A-78f02b,Company_329,HealthTech,US,Enterprise,211,16,16,45.75,4.0,3770.25,budget,too expensive,False,0.07547169811320754,0.07547169811320754,Low
A-7920cc,Company_412,Cybersecurity,FR,Pro,601,28,112,32.857142857142854,4.333333333333333,3255.5625,Unknown,No Feedback,False,0.046511627906976744,0.18604651162790697,High
A-794a0b,Company_168,HealthTech,DE,Basic,347,31,0,36.23851523363719,3.9641630901287552,1510.7142857142858,budget,switched to competitor,False,0.08908045977011494,0.0,Medium
A-7988d1,Company_90,Cybersecurity,US,Basic,449,28,27,35.333333333333336,4.333333333333333,1188.0,unknown,missing features,False,0.06222222222222222,0.06,Medium
A-798a3f,Company_463,DevTools,FR,Enterprise,352,19,45,33.0,4.0,1572.4444444444443,support,No Feedback,True,0.053824362606232294,0.1274787535410765,Medium
A-7a0d69,Company_187,DevTools,DE,Enterprise,606,31,22,29.0,5.0,942.0,budget,No Feedback,True,0.051070840197693576,0.036243822075782535,High
A-7c4956,Company_254,DevTools,US,Enterprise,475,40,24,13.666666666666666,4.0,426.125,Unknown,No Feedback,True,0.08403361344537816,0.05042016806722689,Medium
A-7c5768,Company_407,HealthTech,UK,Enterprise,461,31,45,28.799999999999997,4.0,376.55555555555554,Unknown,No Feedback,False,0.0670995670995671,0.09740259740259741,Medium
A-7c6b6b,Company_223,FinTech,US,Basic,311,24,35,52.2,4.333333333333333,688.2857142857143,budget,too expensive,False,0.07692307692307693,0.11217948717948718,Medium
A-7c83a1,Company_447,Cybersecurity,US,Pro,632,23,48,42.0,4.0,1394.25,unknown,No Feedback,False,0.036334913112164295,0.07582938388625593,High
A-7cfe77,Company_367,DevTools,US,Pro,205,11,35,30.714285714285715,3.5,2553.0,features,missing features,False,0.05339805825242718,0.16990291262135923,Low
A-7d514c,Company_119,HealthTech,DE,Enterprise,502,30,27,33.333333333333336,5.0,2697.1111111111113,Unknown,No Feedback,False,0.05964214711729622,0.0536779324055666,Medium
A-7da956,Company_141,Cybersecurity,US,Pro,543,35,36,32.666666666666664,5.0,913.5833333333334,Unknown,No Feedback,False,0.06433823529411764,0.0661764705882353,Medium
A-7dacce,Company_8,Cybersecurity,CA,Enterprise,472,29,40,32.5,3.6666666666666665,2305.7,budget,missing features,True,0.0613107822410148,0.08456659619450317,Medium
A-7df7a7,Company_125,DevTools,US,Basic,922,47,45,28.0,4.0,1943.6666666666667,budget,missing features,True,0.050920910075839654,0.04875406283856988,High
A-7e0a10,Company_64,FinTech,US,Enterprise,511,35,50,39.4,4.0,4111.6,budget,missing features,False,0.068359375,0.09765625,Medium
A-7f29a7,Company_386,Cybersecurity,UK,Basic,619,38,11,24.0,4.0,1714.5454545454545,unknown,switched to competitor,False,0.06129032258064516,0.017741935483870968,High
A-7f4db3,Company_441,FinTech,US,Pro,844,46,75,16.6,3.25,1751.7333333333333,support,missing features,False,0.054437869822485205,0.08875739644970414,High
A-7f6b86,Company_299,HealthTech,US,Basic,420,14,63,40.42857142857143,3.6666666666666665,2155.777777777778,pricing,No Feedback,True,0.0332541567695962,0.1496437054631829,Medium
A-7f8241,Company_42,EdTech,US,Pro,734,38,15,36.0,3.0,2634.4,Unknown,No Feedback,True,0.05170068027210884,0.02040816326530612,High
A-80eeb6,Company_402,Cybersecurity,UK,Enterprise,725,43,64,40.25,3.6666666666666665,4280.5625,budget,too expensive,False,0.05922865013774105,0.0881542699724518,High
A-812c5b,Company_395,DevTools,CA,Basic,866,46,52,27.0,4.0,2298.769230769231,support,missing features,True,0.0530565167243368,0.05997693194925029,High
A-8145a0,Company_33,Cybersecurity,AU,Basic,693,27,72,23.666666666666668,4.0,1438.3333333333333,features,missing features,False,0.03890489913544669,0.1037463976945245,High
A-81edc3,Company_236,Cybersecurity,IN,Basic,765,41,36,52.666666666666664,4.0,1460.3333333333333,support,too expensive,False,0.05352480417754569,0.04699738903394256,High
A-82861f,Company_350,DevTools,UK,Basic,462,43,50,24.4,3.2,4363.3,support,No Feedback,False,0.09287257019438445,0.1079913606911447,Medium
A-82d8a6,Company_444,Cybersecurity,UK,Basic,661,38,85,42.2,3.5,1645.0588235294117,features,switched to competitor,False,0.05740181268882175,0.1283987915407855,High
A-832ec2,Company_19,FinTech,UK,Enterprise,511,25,24,26.0,4.0,1162.375,pricing,switched to competitor,False,0.048828125,0.046875,Medium
A-84ebe4,Company_68,FinTech,US,Pro,396,26,44,29.5,4.0,2544.909090909091,support,missing features,True,0.0654911838790932,0.11083123425692695,Medium
A-854864,Company_38,FinTech,IN,Enterprise,248,10,30,44.20000000000001,4.8,2459.8333333333335,support,switched to competitor,False,0.040160642570281124,0.12048192771084337,Low
A-855a48,Company_389,EdTech,US,Pro,448,16,40,39.6,3.6666666666666665,3797.0,unknown,too expensive,False,0.035634743875278395,0.08908685968819599,Medium
A-856b1e,Company_161,FinTech,US,Basic,230,24,30,36.0,3.9641630901287552,1053.5,Unknown,No Feedback,False,0.1038961038961039,0.12987012987012986,Low
A-86902e,Company_169,HealthTech,IN,Enterprise,628,36,90,40.888888888888886,3.5,3604.1,features,No Feedback,False,0.057233704292527825,0.14308426073131955,High
A-86cdb4,Company_250,DevTools,DE,Basic,492,24,45,26.4,4.333333333333333,394.55555555555554,Unknown,No Feedback,False,0.0486815415821501,0.09127789046653144,Medium
A-86fc1d,Company_328,DevTools,UK,Basic,363,26,45,27.0,4.0,1686.7777777777778,support,No Feedback,False,0.07142857142857142,0.12362637362637363,Medium
A-87aa7b,Company_433,HealthTech,US,Pro,742,35,48,27.333333333333332,3.9641630901287552,1430.0625,budget,switched to competitor,False,0.047106325706594884,0.06460296096904442,High
A-883b7d,Company_313,Cybersecurity,IN,Basic,644,40,84,25.571428571428573,3.6,2543.6666666666665,Unknown,No Feedback,False,0.06201550387596899,0.13023255813953488,High
A-88c6ca,Company_179,FinTech,DE,Basic,446,19,7,56.0,3.9641630901287552,921.2857142857143,Unknown,No Feedback,True,0.042505592841163314,0.015659955257270694,Medium
A-89ee83,Company_312,Cybersecurity,US,Pro,565,26,55,21.8,4.0,2264.2727272727275,Unknown,No Feedback,True,0.045936395759717315,0.09717314487632508,Medium
A-8adedc,Company_300,EdTech,US,Basic,583,33,56,49.25,4.0,2023.4285714285713,Unknown,No Feedback,True,0.05650684931506849,0.0958904109589041,Medium
A-8ae05d,Company_147,FinTech,IN,Enterprise,203,10,7,47.0,4.0,3747.1428571428573,unknown,missing features,False,0.049019607843137254,0.03431372549019608,Low
A-8ae3fc,Company_495,DevTools,CA,Pro,402,30,32,39.5,3.5,555.875,budget,No Feedback,False,0.07444168734491315,0.0794044665012407,Medium
A-8b0451,Company_245,FinTech,UK,Enterprise,606,45,70,26.571428571428573,3.5,3170.9,budget,too expensive,False,0.07413509060955518,0.11532125205930807,High
A-8b25f2,Company_96,Cybersecurity,US,Pro,565,20,26,35.5,4.0,1080.6153846153845,Unknown,No Feedback,True,0.0353356890459364,0.045936395759717315,Medium
A-8bde0c,Company_287,DevTools,US,Basic,773,43,54,25.666666666666668,4.0,1899.888888888889,pricing,No Feedback,False,0.05555555555555555,0.06976744186046512,High
A-8e47ca,Company_191,HealthTech,US,Pro,441,35,45,33.4,4.0,3124.4444444444443,support,missing features,False,0.07918552036199095,0.10180995475113122,Medium
A-8ed5dd,Company_222,EdTech,UK,Enterprise,545,45,72,29.0,3.75,996.3333333333334,unknown,No Feedback,True,0.08241758241758242,0.13186813186813187,Medium
A-902ef7,Company_270,HealthTech,US,Enterprise,414,24,16,48.5,4.0,5540.25,pricing,too expensive,True,0.05783132530120482,0.03855421686746988,Medium
A-9077b0,Company_41,HealthTech,US,Basic,493,31,21,40.333333333333336,4.333333333333333,509.2857142857143,Unknown,No Feedback,False,0.06275303643724696,0.04251012145748988,Medium
A-90a8c8,Company_249,FinTech,AU,Pro,404,20,28,45.0,3.25,3787.714285714286,support,missing features,False,0.04938271604938271,0.0691358024691358,Medium
A-9123ac,Company_219,Cybersecurity,DE,Pro,386,24,42,38.833333333333336,4.2,2107.285714285714,competitor,missing features,False,0.06201550387596899,0.10852713178294573,Medium
A-9174e0,Company_73,Cybersecurity,US,Basic,689,61,30,39.0,5.0,3598.4,Unknown,No Feedback,False,0.08840579710144927,0.043478260869565216,High
A-91e948,Company_88,EdTech,AU,Basic,404,16,0,36.23851523363719,3.9641630901287552,3127.714285714286,Unknown,No Feedback,False,0.03950617283950617,0.0,Medium
A-9208f0,Company_79,EdTech,US,Pro,538,31,64,41.25,3.3333333333333335,438.875,features,too expensive,True,0.0575139146567718,0.11873840445269017,Medium
A-922109,Company_243,Cybersecurity,US,Pro,819,34,39,25.333333333333332,3.0,1086.0,support,No Feedback,False,0.041463414634146344,0.0475609756097561,High
A-9289f6,Company_104,EdTech,US,Enterprise,642,38,72,37.5,4.333333333333333,1091.3333333333333,support,too expensive,False,0.05909797822706065,0.1119751166407465,High
A-92a333,Company_116,FinTech,US,Enterprise,364,30,24,23.25,3.9641630901287552,1776.5,Unknown,No Feedback,False,0.0821917808219178,0.06575342465753424,Medium
A-92a3af,Company_259,Cybersecurity,IN,Enterprise,714,55,44,57.5,4.0,3139.818181818182,Unknown,No Feedback,False,0.07692307692307693,0.06153846153846154,High
A-940b8b,Company_398,HealthTech,DE,Basic,362,32,24,41.333333333333336,4.0,1205.0,Unknown,No Feedback,False,0.0881542699724518,0.06611570247933884,Medium
A-94c3cd,Company_351,FinTech,CA,Enterprise,306,18,24,44.75,3.5,1506.0,Unknown,No Feedback,False,0.05863192182410423,0.0781758957654723,Medium
A-94d3da,Company_61,HealthTech,US,Basic,464,25,72,26.833333333333332,3.5,1889.4166666666667,competitor,switched to competitor,False,0.053763440860215055,0.15483870967741936,Medium
A-94f8c9,Company_51,HealthTech,US,Basic,746,63,48,47.333333333333336,5.0,1999.3125,budget,No Feedback,False,0.08433734939759036,0.0642570281124498,High
A-956988,Company_14,EdTech,UK,Enterprise,658,49,26,50.5,3.0,2262.076923076923,unknown,too expensive,False,0.07435508345978756,0.03945371775417299,High
A-95b24a,Company_117,FinTech,US,Pro,611,34,55,21.2,4.25,2275.818181818182,Unknown,No Feedback,True,0.05555555555555555,0.08986928104575163,High
A-96215d,Company_318,FinTech,US,Enterprise,347,21,6,25.0,3.0,1718.6666666666667,Unknown,No Feedback,False,0.0603448275862069,0.017241379310344827,Medium
A-96bbc6,Company_342,Cybersecurity,US,Enterprise,482,25,24,51.333333333333336,3.3333333333333335,3803.25,budget,missing features,False,0.051759834368530024,0.049689440993788817,Medium
A-96e141,Company_134,DevTools,UK,Basic,346,19,35,32.8,4.333333333333333,2209.714285714286,budget,too expensive,False,0.05475504322766571,0.10086455331412104,Medium
A-970c97,Company_477,HealthTech,DE,Enterprise,444,24,8,61.0,5.0,1922.625,Unknown,No Feedback,False,0.05393258426966292,0.017977528089887642,Medium
A-9779ad,Company_171,Cybersecurity,AU,Pro,413,25,30,20.666666666666668,5.0,5168.0,features,too expensive,True,0.06038647342995169,0.07246376811594203,Medium
A-977ca0,Company_232,HealthTech,IN,Basic,893,46,48,64.0,4.0,1878.4375,Unknown,No Feedback,True,0.05145413870246085,0.053691275167785234,High
A-98a59a,Company_80,FinTech,UK,Enterprise,455,21,30,37.333333333333336,4.5,3645.6,support,switched to competitor,False,0.046052631578947366,0.06578947368421052,Medium
A-993085,Company_258,HealthTech,US,Basic,665,50,60,46.5,3.5,3230.4,features,No Feedback,False,0.07507507507507508,0.09009009009009009,High
A-9a532a,Company_333,HealthTech,US,Enterprise,185,15,8,57.5,3.9641630901287552,2736.25,Unknown,No Feedback,False,0.08064516129032258,0.043010752688172046,Low
A-9affe6,Company_401,Cybersecurity,US,Pro,473,16,33,58.0,3.0,966.9090909090909,features,missing features,False,0.03375527426160337,0.06962025316455696,Medium
A-9b9fe9,Company_71,EdTech,AU,Basic,597,22,48,33.5,4.0,1643.75,features,switched to competitor,False,0.03678929765886288,0.0802675585284281,Medium
A-9badbd,Company_63,Cybersecurity,DE,Enterprise,729,45,65,30.199999999999996,5.0,2498.230769230769,Unknown,No Feedback,False,0.06164383561643835,0.08904109589041095,High
A-9bfc9f,Company_228,DevTools,CA,Pro,376,18,54,35.333333333333336,3.3333333333333335,1704.6666666666667,Unknown,No Feedback,False,0.04774535809018567,0.14323607427055704,Medium
A-9c18c4,Company_481,HealthTech,US,Pro,556,37,40,42.25,4.0,1782.3,Unknown,No Feedback,True,0.06642728904847396,0.0718132854578097,Medium
A-9ee962,Company_59,HealthTech,US,Basic,439,17,27,37.0,4.0,1046.6666666666667,support,No Feedback,True,0.038636363636363635,0.06136363636363636,Medium
A-9f0b68,Company_489,EdTech,US,Basic,709,33,36,30.333333333333332,3.0,2376.5,pricing,No Feedback,False,0.04647887323943662,0.05070422535211268,High
A-9f2731,Company_24,FinTech,IN,Enterprise,324,20,0,36.23851523363719,3.9641630901287552,516.1428571428571,unknown,missing features,False,0.06153846153846154,0.0,Medium
A-9f9299,Company_133,FinTech,US,Enterprise,830,54,75,36.2,5.0,2826.866666666667,competitor,No Feedback,False,0.06498194945848375,0.09025270758122744,High
A-a09355,Company_459,FinTech,US,Basic,788,47,80,32.6,4.0,2133.75,support,No Feedback,False,0.059569074778200254,0.10139416983523447,High
A-a0ca4e,Company_6,Cybersecurity,US,Pro,373,14,54,39.166666666666664,3.7999999999999994,1848.111111111111,Unknown,No Feedback,False,0.0374331550802139,0.1443850267379679,Medium
A-a1b80b,Company_184,HealthTech,US,Basic,749,48,64,41.0,4.0,2161.8125,budget,switched to competitor,False,0.064,0.08533333333333333,High
A-a1bbb6,Company_74,DevTools,CA,Basic,366,20,24,17.666666666666668,4.0,1800.25,Unknown,No Feedback,False,0.05449591280653951,0.0653950953678474,Medium
A-a2485e,Company_467,FinTech,US,Pro,317,13,0,36.23851523363719,3.9641630901287552,1462.5,Unknown,No Feedback,False,0.040880503144654086,0.0,Medium
A-a33200,Company_352,HealthTech,US,Basic,517,26,36,36.333333333333336,4.5,2409.4166666666665,features,too expensive,False,0.05019305019305019,0.0694980694980695,Medium
A-a45270,Company_37,HealthTech,US,Enterprise,733,53,48,64.0,4.0,1677.5833333333333,pricing,missing features,False,0.07220708446866485,0.0653950953678474,High
A-a6d261,Company_303,FinTech,CA,Pro,627,29,56,40.0,4.666666666666667,2727.9285714285716,unknown,missing features,False,0.04617834394904458,0.08917197452229299,High
A-a7bd4b,Company_363,Cybersecurity,US,Enterprise,576,37,66,36.833333333333336,3.25,569.8181818181819,features,too expensive,False,0.06412478336221837,0.11438474870017332,Medium
A-a865bd,Company_297,Cybersecurity,US,Pro,230,13,10,31.5,3.0,4204.4,unknown,No Feedback,False,0.05627705627705628,0.04329004329004329,Low
A-a8b49c,Company_72,Cybersecurity,UK,Basic,545,43,12,72.0,4.0,963.9166666666666,features,missing features,False,0.07875457875457875,0.02197802197802198,Medium
A-a8d89d,Company_326,EdTech,US,Pro,551,26,24,44.5,5.0,2443.3333333333335,pricing,No Feedback,False,0.04710144927536232,0.043478260869565216,Medium
A-aa9511,Company_203,DevTools,US,Pro,625,35,30,56.5,4.0,4064.6666666666665,competitor,No Feedback,False,0.05591054313099041,0.04792332268370607,High
A-ab438f,Company_233,Cybersecurity,US,Enterprise,369,12,16,33.5,3.5,2044.75,budget,No Feedback,True,0.032432432432432434,0.043243243243243246,Medium
A-ac14bb,Company_15,FinTech,US,Enterprise,531,42,16,24.5,4.0,3468.25,competitor,too expensive,False,0.07894736842105263,0.03007518796992481,Medium
A-ac85cd,Company_485,EdTech,US,Enterprise,634,29,36,33.666666666666664,3.5,3438.9166666666665,pricing,No Feedback,False,0.04566929133858268,0.05669291338582677,High
A-ac9111,Company_487,HealthTech,US,Pro,808,46,48,24.666666666666668,5.0,1664.125,budget,missing features,False,0.05686032138442522,0.059332509270704575,High
A-acb7f7,Company_330,EdTech,US,Basic,612,36,36,41.0,3.5,2714.5,competitor,missing features,False,0.05872756933115824,0.05872756933115824,High
A-ad296b,Company_112,DevTools,AU,Pro,294,12,18,28.333333333333332,3.6666666666666665,3071.6666666666665,Unknown,No Feedback,False,0.04067796610169491,0.061016949152542375,Low
A-ad3abd,Company_410,FinTech,US,Pro,296,11,21,13.0,3.0,2413.714285714286,competitor,No Feedback,False,0.037037037037037035,0.0707070707070707,Low
A-ad64c6,Company_175,DevTools,UK,Pro,215,18,24,34.0,5.0,2451.3333333333335,unknown,No Feedback,False,0.08333333333333333,0.1111111111111111,Low
A-adc1f3,Company_98,Cybersecurity,US,Pro,334,26,27,47.333333333333336,3.5,2956.4444444444443,Unknown,No Feedback,False,0.07761194029850746,0.08059701492537313,Medium
A-ae052e,Company_132,FinTech,CA,Basic,300,12,24,31.25,4.0,1282.1666666666667,competitor,too expensive,False,0.03986710963455149,0.07973421926910298,Low
A-af0cd2,Company_204,Cybersecurity,IN,Enterprise,687,33,33,54.33333333333334,3.9641630901287552,587.2727272727273,unknown,switched to competitor,False,0.04796511627906977,0.04796511627906977,High
A-afa505,Company_157,DevTools,US,Basic,507,28,36,37.25,3.0,7334.444444444444,support,missing features,False,0.05511811023622047,0.07086614173228346,Medium
A-b07346,Company_269,HealthTech,US,Pro,326,22,15,42.333333333333336,3.5,6283.2,budget,missing features,True,0.0672782874617737,0.045871559633027525,Medium
A-b07b56,Company_292,DevTools,US,Pro,633,39,60,31.25,3.0,1132.2666666666667,budget,switched to competitor,True,0.061514195583596214,0.0946372239747634,High
A-b11cd0,Company_439,DevTools,US,Pro,278,16,24,38.5,4.0,801.0,Unknown,No Feedback,True,0.05734767025089606,0.08602150537634409,Low
A-b179bf,Company_348,Cybersecurity,IN,Basic,398,18,30,24.666666666666668,4.0,3586.2,features,missing features,False,0.045112781954887216,0.07518796992481203,Medium
A-b20d99,Company_29,HealthTech,IN,Basic,329,12,14,61.5,3.5,1581.2857142857142,features,missing features,False,0.03636363636363636,0.04242424242424243,Medium
A-b2225d,Company_50,FinTech,US,Basic,696,60,24,42.0,3.0,1590.6666666666667,budget,No Feedback,True,0.08608321377331421,0.03443328550932568,High
A-b2af2e,Company_227,Cybersecurity,UK,Enterprise,174,11,8,39.5,4.0,778.0,pricing,No Feedback,False,0.06285714285714286,0.045714285714285714,Low
A-b30291,Company_344,HealthTech,US,Basic,519,31,10,16.0,3.9641630901287552,537.5,competitor,too expensive,True,0.05961538461538462,0.019230769230769232,Medium
A-b3fe05,Company_238,Cybersecurity,CA,Pro,438,18,36,48.25,3.0,2721.5555555555557,Unknown,No Feedback,False,0.04100227790432802,0.08200455580865604,Medium
A-b44e3e,Company_383,Cybersecurity,UK,Basic,387,13,21,40.0,4.333333333333333,6217.285714285715,unknown,switched to competitor,False,0.03350515463917526,0.05412371134020619,Medium
A-b48f73,Company_225,EdTech,AU,Pro,412,23,21,28.666666666666668,4.0,4045.714285714286,Unknown,No Feedback,False,0.05569007263922518,0.05084745762711865,Medium
A-b54c01,Company_354,DevTools,US,Enterprise,226,17,20,42.6,3.0,848.25,budget,too expensive,False,0.07488986784140969,0.0881057268722467,Low
A-b7724f,Company_320,HealthTech,UK,Basic,380,16,24,28.666666666666668,3.0,402.75,competitor,switched to competitor,False,0.04199475065616798,0.06299212598425197,Medium
A-b78bf8,Company_148,DevTools,US,Pro,421,11,40,24.2,4.2,2802.875,unknown,No Feedback,False,0.026066350710900472,0.0947867298578199,Medium
A-b7b7b7,Company_338,FinTech,US,Basic,571,26,36,17.0,5.0,2379.8333333333335,Unknown,No Feedback,True,0.045454545454545456,0.06293706293706294,Medium
A-b7ef83,Company_474,Cybersecurity,UK,Pro,738,39,30,47.5,4.0,2391.2,budget,missing features,False,0.05277401894451962,0.04059539918809202,High
A-b9eed8,Company_189,Cybersecurity,US,Basic,623,55,55,29.2,3.75,1507.0,pricing,switched to competitor,False,0.08814102564102565,0.08814102564102565,High
A-b9f5b1,Company_494,Cybersecurity,US,Pro,307,12,42,31.833333333333332,3.3333333333333335,1010.2857142857143,features,switched to competitor,False,0.03896103896103896,0.13636363636363635,Medium
A-ba6516,Company_154,FinTech,US,Pro,642,32,78,31.5,4.0,2183.0,budget,No Feedback,False,0.049766718506998445,0.12130637636080871,High
A-bad8c1,Company_34,FinTech,AU,Basic,385,11,7,27.0,4.0,1113.857142857143,unknown,too expensive,False,0.02849740932642487,0.018134715025906734,Medium
A-bb1486,Company_265,HealthTech,US,Basic,405,36,24,11.0,3.0,2038.375,competitor,switched to competitor,False,0.08866995073891626,0.059113300492610835,Medium
A-bb1eaa,Company_468,Cybersecurity,US,Basic,164,7,30,23.5,4.5,2076.2,pricing,too expensive,False,0.04242424242424243,0.18181818181818182,Low
A-bb2f49,Company_356,Cybersecurity,US,Pro,618,42,33,22.333333333333332,4.0,2180.909090909091,Unknown,No Feedback,False,0.06785137318255251,0.05331179321486268,High
A-bb3bd4,Company_340,HealthTech,US,Basic,315,11,77,32.72727272727273,4.142857142857143,1064.5714285714287,unknown,missing features,False,0.03481012658227848,0.24367088607594936,Medium
A-bbc346,Company_138,FinTech,US,Enterprise,650,37,39,45.333333333333336,4.5,2547.846153846154,competitor,switched to competitor,False,0.05683563748079877,0.059907834101382486,High
A-bbe56f,Company_406,HealthTech,US,Enterprise,232,8,20,26.25,4.0,1205.0,Unknown,No Feedback,False,0.034334763948497854,0.08583690987124463,Low
A-bc4d48,Company_343,EdTech,US,Pro,321,9,42,41.166666666666664,4.2,1770.0,Unknown,No Feedback,False,0.027950310559006212,0.13043478260869565,Medium
A-bc87bc,Company_456,FinTech,US,Pro,394,14,56,40.57142857142857,3.75,1504.0,Unknown,No Feedback,False,0.035443037974683546,0.14177215189873418,Medium
A-bcbe98,Company_452,Cybersecurity,US,Enterprise,635,43,77,38.285714285714285,4.0,1969.6363636363637,competitor,missing features,False,0.06761006289308176,0.12106918238993711,High
A-bcf664,Company_248,DevTools,US,Pro,575,28,65,36.0,4.0,1056.0,features,too expensive,False,0.04861111111111111,0.11284722222222222,Medium
A-bcf87c,Company_288,FinTech,US,Pro,503,19,22,63.0,4.0,1979.090909090909,Unknown,No Feedback,True,0.037698412698412696,0.04365079365079365,Medium
A-bd4513,Company_205,DevTools,AU,Enterprise,507,34,36,42.0,4.666666666666667,4350.333333333333,budget,too expensive,False,0.06692913385826772,0.07086614173228346,Medium
A-bd4708,Company_257,FinTech,US,Pro,653,30,52,24.0,3.5,2998.076923076923,Unknown,No Feedback,False,0.045871559633027525,0.07951070336391437,High
A-bece89,Company_128,Cybersecurity,IN,Pro,176,13,24,32.5,4.0,3208.3333333333335,unknown,switched to competitor,False,0.07344632768361582,0.13559322033898305,Low
A-bf7919,Company_426,HealthTech,US,Pro,262,14,12,14.5,5.0,260.0,features,too expensive,False,0.053231939163498096,0.045627376425855515,Low
A-c16101,Company_139,EdTech,IN,Basic,561,29,40,28.0,5.0,1242.2,features,No Feedback,False,0.051601423487544484,0.0711743772241993,Medium
A-c16b88,Company_431,HealthTech,US,Enterprise,457,24,27,48.333333333333336,3.0,2259.777777777778,competitor,switched to competitor,False,0.05240174672489083,0.05895196506550218,Medium
A-c16cf7,Company_377,EdTech,US,Pro,577,26,30,48.333333333333336,3.5,1227.4,support,too expensive,False,0.04498269896193772,0.05190311418685121,Medium
A-c1dfe1,Company_53,DevTools,DE,Pro,375,30,24,50.333333333333336,4.0,3223.75,features,missing features,False,0.0797872340425532,0.06382978723404255,Medium
A-c1e51e,Company_173,FinTech,US,Basic,518,36,50,40.0,3.2,2390.5,support,switched to competitor,False,0.06936416184971098,0.09633911368015415,Medium
A-c222ab,Company_206,Cybersecurity,US,Pro,435,33,28,39.0,5.0,2665.1428571428573,support,No Feedback,True,0.07568807339449542,0.06422018348623854,Medium
A-c37601,Company_48,EdTech,US,Basic,489,21,48,42.25,3.6666666666666665,1706.25,support,switched to competitor,False,0.04285714285714286,0.09795918367346938,Medium
A-c37cab,Company_278,Cybersecurity,UK,Pro,708,40,48,33.0,3.75,2452.75,competitor,missing features,False,0.056417489421720736,0.06770098730606489,High
A-c42f1f,Company_21,HealthTech,US,Pro,337,20,72,31.333333333333332,4.0,646.875,Unknown,No Feedback,False,0.05917159763313609,0.21301775147928995,Medium
A-c43359,Company_83,FinTech,US,Pro,461,32,24,26.666666666666668,4.0,1539.0,support,missing features,False,0.06926406926406926,0.05194805194805195,Medium
A-c45b23,Company_75,FinTech,UK,Basic,581,30,36,36.666666666666664,3.0,708.6666666666666,support,missing features,False,0.05154639175257732,0.061855670103092786,Medium
A-c4ea60,Company_18,FinTech,DE,Enterprise,427,18,45,36.0,3.5999999999999996,1627.3333333333333,Unknown,No Feedback,True,0.04205607476635514,0.10514018691588785,Medium
A-c58f49,Company_480,EdTech,US,Enterprise,363,22,21,36.333333333333336,5.0,10140.0,support,switched to competitor,False,0.06043956043956044,0.057692307692307696,Medium
A-c608c8,Company_199,DevTools,DE,Pro,445,27,16,59.0,3.0,1189.25,support,too expensive,True,0.06053811659192825,0.03587443946188341,Medium
A-c62e55,Company_315,EdTech,US,Basic,337,13,36,27.5,4.0,1322.4444444444443,Unknown,No Feedback,False,0.038461538461538464,0.10650887573964497,Medium
A-c70870,Company_253,Cybersecurity,US,Basic,334,18,35,35.6,4.0,5659.142857142857,competitor,switched to competitor,False,0.05373134328358209,0.1044776119402985,Medium
A-c7e58b,Company_404,HealthTech,IN,Pro,343,18,35,30.6,3.5,769.1428571428571,Unknown,No Feedback,False,0.05232558139534884,0.10174418604651163,Medium
A-c7ffc2,Company_392,Cybersecurity,US,Pro,640,28,24,64.0,3.0,3009.3333333333335,features,missing features,False,0.0436817472698908,0.0374414976599064,High
A-c9bb3e,Company_336,EdTech,US,Pro,474,20,70,27.714285714285715,4.2,1521.7,unknown,No Feedback,False,0.042105263157894736,0.14736842105263157,Medium
A-cab532,Company_218,DevTools,FR,Pro,1005,47,15,32.0,4.0,1339.2,support,too expensive,False,0.04671968190854871,0.014910536779324055,
A-cb5333,Company_370,DevTools,US,Pro,796,34,64,30.75,3.0,1641.0,features,too expensive,False,0.04265997490589712,0.08030112923462986,High
A-cb6cc6,Company_419,DevTools,US,Basic,314,26,21,16.333333333333332,3.5,374.57142857142856,Unknown,No Feedback,False,0.08253968253968254,0.06666666666666667,Medium
A-cbbe12,Company_450,Cybersecurity,DE,Enterprise,178,10,36,38.0,4.25,2180.1666666666665,Unknown,No Feedback,False,0.055865921787709494,0.2011173184357542,Low
A-cbd1a3,Company_325,DevTools,US,Basic,465,32,40,34.5,4.0,1635.1,Unknown,No Feedback,True,0.06866952789699571,0.08583690987124463,Medium
A-cc102e,Company_443,HealthTech,US,Enterprise,394,39,40,33.25,4.333333333333333,1006.3,pricing,switched to competitor,False,0.09873417721518987,0.10126582278481013,Medium
A-cc1d8d,Company_440,FinTech,US,Pro,618,48,65,30.199999999999996,4.5,688.2307692307693,unknown,too expensive,False,0.07754442649434572,0.1050080775444265,High
A-cc8c8f,Company_482,DevTools,US,Enterprise,268,18,14,14.5,3.5,2228.5714285714284,budget,missing features,False,0.06691449814126393,0.05204460966542751,Low
A-cc98bc,Company_469,DevTools,US,Basic,551,24,30,4.666666666666667,4.0,2156.7,Unknown,No Feedback,False,0.043478260869565216,0.05434782608695652,Medium
A-ccabf0,Company_471,HealthTech,IN,Pro,506,29,40,46.25,3.6666666666666665,2237.9,features,too expensive,False,0.05719921104536489,0.07889546351084813,Medium
A-ccb686,Company_491,DevTools,US,Basic,721,46,12,67.0,4.0,1795.0833333333333,competitor,No Feedback,False,0.06371191135734072,0.01662049861495845,High
A-ccc747,Company_339,HealthTech,FR,Pro,284,13,24,32.25,5.0,802.0,competitor,switched to competitor,True,0.0456140350877193,0.08421052631578947,Low
A-cd458b,Company_430,DevTools,US,Basic,864,45,75,38.4,4.6,2886.0666666666666,budget,switched to competitor,False,0.05202312138728324,0.08670520231213873,High
A-cdf020,Company_345,DevTools,AU,Pro,379,18,32,29.5,4.0,2259.0,support,too expensive,False,0.04736842105263158,0.08421052631578947,Medium
A-ce550d,Company_4,HealthTech,US,Enterprise,579,31,63,42.285714285714285,3.7999999999999994,5417.888888888889,budget,too expensive,True,0.05344827586206897,0.10862068965517241,Medium
A-ce66f8,Company_17,EdTech,CA,Pro,494,19,36,41.666666666666664,3.5,1976.3333333333333,Unknown,No Feedback,False,0.03838383838383838,0.07272727272727272,Medium
A-cea1f0,Company_273,FinTech,US,Pro,586,28,50,42.2,4.333333333333333,1224.4,Unknown,No Feedback,True,0.04770017035775128,0.08517887563884156,Medium
A-ced9aa,Company_310,DevTools,US,Enterprise,531,39,77,28.857142857142858,3.0,568.3636363636364,Unknown,No Feedback,False,0.07330827067669173,0.14473684210526316,Medium
A-d26ab4,Company_497,DevTools,UK,Basic,458,24,18,49.5,4.0,1845.888888888889,pricing,too expensive,True,0.05228758169934641,0.0392156862745098,Medium
A-d27f50,Company_163,Cybersecurity,UK,Enterprise,481,31,48,37.5,3.75,3734.5833333333335,Unknown,No Feedback,False,0.06431535269709543,0.0995850622406639,Medium
A-d3c88e,Company_490,DevTools,US,Pro,644,48,39,58.0,4.0,2014.076923076923,support,too expensive,False,0.07441860465116279,0.06046511627906977,High
A-d40bf7,Company_11,FinTech,IN,Basic,562,22,20,20.5,5.0,4324.7,Unknown,No Feedback,False,0.03907637655417407,0.035523978685612786,Medium
A-d42431,Company_378,FinTech,FR,Enterprise,457,34,36,24.25,4.0,2351.1111111111113,budget,switched to competitor,False,0.07423580786026202,0.07860262008733625,Medium
A-d49cc5,Company_275,Cybersecurity,FR,Basic,436,34,32,32.0,4.5,1665.625,competitor,missing features,False,0.07780320366132723,0.07322654462242563,Medium
A-d4ac0e,Company_364,DevTools,UK,Basic,793,53,76,21.0,3.5,1450.3684210526317,Unknown,No Feedback,False,0.06675062972292191,0.09571788413098237,High
A-d4e0d4,Company_403,FinTech,US,Basic,488,33,40,39.25,4.0,13806.0,Unknown,No Feedback,False,0.06748466257668712,0.081799591002045,Medium
A-d535f6,Company_421,DevTools,US,Basic,477,29,0,36.23851523363719,3.9641630901287552,823.8888888888889,features,switched to competitor,True,0.060669456066945605,0.0,Medium
A-d5a319,Company_158,FinTech,US,Enterprise,604,43,12,17.0,4.0,3153.9166666666665,Unknown,No Feedback,True,0.07107438016528926,0.019834710743801654,High
A-d62e02,Company_420,Cybersecurity,US,Pro,344,23,10,36.0,4.0,2132.4,Unknown,No Feedback,False,0.06666666666666667,0.028985507246376812,Medium
A-d77f4c,Company_470,DevTools,US,Pro,617,32,28,31.0,4.0,3480.4285714285716,unknown,too expensive,False,0.05177993527508091,0.045307443365695796,High
A-d792a6,Company_486,DevTools,US,Enterprise,690,40,75,40.6,4.0,1536.6,support,missing features,False,0.05788712011577424,0.1085383502170767,High
A-d82ef9,Company_355,EdTech,UK,Basic,679,46,70,39.8,4.25,1023.3571428571429,budget,switched to competitor,True,0.06764705882352941,0.10294117647058823,High
A-d922bf,Company_221,HealthTech,US,Basic,419,19,49,39.142857142857146,3.3333333333333335,2444.8571428571427,support,too expensive,True,0.04523809523809524,0.11666666666666667,Medium
A-db5e9e,Company_442,DevTools,US,Basic,586,27,16,66.0,5.0,1156.375,pricing,missing features,False,0.04599659284497445,0.027257240204429302,Medium
A-dbc825,Company_252,EdTech,FR,Enterprise,730,58,96,49.5,4.0,2650.25,budget,No Feedback,False,0.07934336525307797,0.13132694938440492,High
A-dcc2f0,Company_309,FinTech,UK,Basic,833,26,30,27.0,3.9641630901287552,1166.2,features,No Feedback,False,0.03117505995203837,0.03597122302158273,High
A-dcc3f1,Company_314,HealthTech,US,Pro,500,32,72,35.666666666666664,3.8,1593.375,features,switched to competitor,False,0.06387225548902195,0.1437125748502994,Medium
A-de24d5,Company_231,DevTools,US,Enterprise,537,28,91,43.142857142857146,3.0,1640.5384615384614,Unknown,No Feedback,False,0.05204460966542751,0.1691449814126394,Medium
A-de58ca,Company_212,HealthTech,DE,Enterprise,505,33,55,30.6,3.333333333333334,2173.181818181818,Unknown,No Feedback,False,0.06521739130434782,0.10869565217391304,Medium
A-dec005,Company_445,HealthTech,US,Pro,475,44,20,59.0,3.0,3074.4,support,missing features,False,0.09243697478991597,0.04201680672268908,Medium
A-df10db,Company_143,DevTools,US,Enterprise,697,40,22,68.5,3.0,1066.3636363636363,competitor,missing features,False,0.05730659025787966,0.03151862464183381,High
A-df1e44,Company_323,Cybersecurity,UK,Enterprise,420,14,22,53.0,5.0,1191.5454545454545,budget,missing features,False,0.0332541567695962,0.052256532066508314,Medium
A-dfbd31,Company_190,DevTools,UK,Enterprise,599,19,84,29.666666666666668,4.25,1791.357142857143,unknown,too expensive,False,0.03166666666666667,0.14,Medium
A-e08cd3,Company_475,FinTech,US,Pro,432,21,88,30.375,4.0,6456.363636363636,features,too expensive,False,0.04849884526558892,0.20323325635103925,Medium
A-e1462e,Company_217,FinTech,UK,Basic,347,22,14,39.5,3.5,1718.5714285714287,competitor,switched to competitor,False,0.06321839080459771,0.040229885057471264,Medium
A-e19ff6,Company_411,Cybersecurity,UK,Enterprise,456,24,36,30.666666666666668,4.666666666666667,409.1666666666667,competitor,switched to competitor,False,0.0525164113785558,0.0787746170678337,Medium
A-e1b9cd,Company_484,DevTools,US,Pro,840,47,15,35.0,3.0,2469.4666666666667,unknown,switched to competitor,True,0.0558858501783591,0.0178359096313912,High
A-e2cd1b,Company_121,DevTools,US,Enterprise,465,18,45,37.8,4.0,1394.2222222222222,Unknown,No Feedback,False,0.03862660944206009,0.09656652360515021,Medium
A-e351e1,Company_62,EdTech,US,Enterprise,295,22,20,17.0,3.75,699.6,support,No Feedback,False,0.07432432432432433,0.06756756756756757,Low
A-e36807,Company_164,EdTech,AU,Pro,446,27,20,41.0,4.5,1256.9,Unknown,No Feedback,False,0.06040268456375839,0.0447427293064877,Medium
A-e3bd71,Company_347,Cybersecurity,US,Basic,638,27,44,30.25,4.0,3784.5454545454545,support,switched to competitor,False,0.04225352112676056,0.06885758998435054,High
A-e40f45,Company_317,HealthTech,US,Pro,401,26,49,26.714285714285715,4.333333333333333,1689.2857142857142,budget,missing features,False,0.06467661691542288,0.12189054726368159,Medium
A-e4144b,Company_316,EdTech,UK,Pro,439,21,30,57.0,4.0,3542.4,Unknown,No Feedback,False,0.04772727272727273,0.06818181818181818,Medium
A-e43bf7,Company_215,Cybersecurity,AU,Pro,371,35,35,27.4,4.0,6666.571428571428,pricing,missing features,False,0.09408602150537634,0.09408602150537634,Medium
A-e4bf56,Company_272,HealthTech,IN,Pro,339,10,56,29.125,3.6666666666666665,2703.714285714286,Unknown,No Feedback,True,0.029411764705882353,0.16470588235294117,Medium
A-e51ec7,Company_113,FinTech,CA,Enterprise,417,18,24,37.0,5.0,3009.5,budget,switched to competitor,False,0.0430622009569378,0.05741626794258373,Medium
A-e5d6ab,Company_7,EdTech,US,Pro,382,23,30,42.666666666666664,3.9641630901287552,1304.8,competitor,No Feedback,False,0.06005221932114883,0.0783289817232376,Medium
A-e60f9d,Company_178,FinTech,US,Basic,629,24,30,70.5,3.9641630901287552,3387.8,Unknown,No Feedback,False,0.0380952380952381,0.047619047619047616,High
A-e61e98,Company_115,FinTech,US,Enterprise,527,25,54,30.333333333333332,4.6,1498.2222222222222,features,switched to competitor,True,0.04734848484848485,0.10227272727272728,Medium
A-e693b6,Company_240,FinTech,AU,Enterprise,681,25,12,1.0,3.0,2846.25,budget,missing features,True,0.036656891495601175,0.017595307917888565,High
A-e6afc1,Company_346,DevTools,US,Pro,679,30,0,36.23851523363719,3.9641630901287552,2052.909090909091,Unknown,No Feedback,False,0.04411764705882353,0.0,High
A-e7a1e2,Company_295,Cybersecurity,US,Enterprise,703,36,12,45.0,4.0,1670.1666666666667,features,No Feedback,False,0.05113636363636364,0.017045454545454544,High
A-e7beab,Company_458,EdTech,DE,Enterprise,373,17,42,36.666666666666664,4.0,1618.857142857143,features,missing features,False,0.045454545454545456,0.11229946524064172,Medium
A-e83938,Company_111,DevTools,UK,Pro,266,18,32,31.0,3.0,937.875,budget,No Feedback,True,0.06741573033707865,0.1198501872659176,Low
A-e888d1,Company_102,Cybersecurity,US,Pro,552,36,55,43.0,4.0,1240.5454545454545,features,switched to competitor,False,0.0650994575045208,0.09945750452079566,Medium
A-e89151,Company_234,FinTech,UK,Pro,601,29,18,41.5,5.0,2414.8888888888887,Unknown,No Feedback,True,0.04817275747508306,0.029900332225913623,High
A-e98302,Company_286,EdTech,US,Enterprise,273,18,54,44.444444444444436,4.142857142857143,2094.5,Unknown,No Feedback,False,0.06569343065693431,0.19708029197080293,Low
A-eafc6e,Company_149,DevTools,US,Pro,300,15,7,64.0,3.9641630901287552,2318.4285714285716,unknown,No Feedback,True,0.04983388704318937,0.023255813953488372,Low
A-eb1312,Company_322,FinTech,US,Pro,663,38,12,68.0,5.0,1512.25,unknown,No Feedback,False,0.0572289156626506,0.018072289156626505,High
A-eb2fdc,Company_216,DevTools,AU,Enterprise,547,17,60,33.6,4.5,2664.0,competitor,missing features,True,0.03102189781021898,0.10948905109489052,Medium
A-eb7c38,Company_47,DevTools,AU,Enterprise,693,27,75,22.4,4.333333333333333,2547.3333333333335,budget,No Feedback,False,0.03890489913544669,0.10806916426512968,High
A-eb7fac,Company_28,DevTools,US,Enterprise,538,44,40,34.0,4.0,4209.6,unknown,switched to competitor,False,0.08163265306122448,0.07421150278293136,Medium
A-ed510f,Company_361,Cybersecurity,IN,Basic,493,28,90,44.55555555555556,4.0,3616.2,budget,too expensive,False,0.05668016194331984,0.18218623481781376,Medium
A-ee42db,Company_77,EdTech,DE,Enterprise,511,33,48,33.75,3.0,963.9166666666666,unknown,No Feedback,False,0.064453125,0.09375,Medium
A-ef84cf,Company_274,EdTech,US,Enterprise,309,11,25,34.8,4.333333333333333,1501.4,support,too expensive,False,0.035483870967741936,0.08064516129032258,Medium
A-f03140,Company_209,DevTools,IN,Pro,595,22,70,36.0,3.6666666666666665,2107.5,competitor,missing features,False,0.03691275167785235,0.1174496644295302,Medium
A-f17767,Company_123,DevTools,US,Enterprise,713,38,42,36.333333333333336,4.0,1152.7857142857142,pricing,No Feedback,True,0.05322128851540616,0.058823529411764705,High
A-f19409,Company_105,DevTools,US,Basic,659,31,36,6.333333333333333,4.0,2844.6666666666665,features,too expensive,True,0.04696969696969697,0.05454545454545454,High
A-f19b24,Company_462,Cybersecurity,US,Pro,119,10,6,35.5,4.0,841.0,Unknown,No Feedback,False,0.08333333333333333,0.05,Low
A-f1f639,Company_296,EdTech,US,Basic,139,10,28,20.0,4.8,729.75,budget,No Feedback,False,0.07142857142857142,0.2,Low
A-f25509,Company_92,EdTech,US,Enterprise,229,15,30,42.666666666666664,4.666666666666667,3224.4,features,No Feedback,False,0.06521739130434782,0.13043478260869565,Low
A-f3ff05,Company_44,FinTech,IN,Enterprise,672,36,39,42.666666666666664,3.5,1497.3076923076924,unknown,too expensive,False,0.05349182763744428,0.05794947994056464,High
A-f44180,Company_376,Cybersecurity,UK,Pro,520,22,22,46.5,5.0,2617.090909090909,competitor,too expensive,False,0.04222648752399232,0.04222648752399232,Medium
A-f446b6,Company_36,DevTools,DE,Pro,376,31,72,30.75,4.25,1265.7777777777778,Unknown,No Feedback,False,0.08222811671087533,0.1909814323607427,Medium
A-f45426,Company_172,HealthTech,US,Basic,624,49,33,17.0,4.0,1571.7272727272727,pricing,switched to competitor,False,0.0784,0.0528,High
A-f51f16,Company_282,HealthTech,US,Enterprise,384,28,32,29.25,3.0,1663.75,competitor,too expensive,False,0.07272727272727272,0.08311688311688312,Medium
A-f5641b,Company_382,EdTech,US,Pro,438,18,40,47.5,3.0,3912.0,features,too expensive,False,0.04100227790432802,0.09111617312072894,Medium
A-f6b2fb,Company_418,DevTools,AU,Basic,524,37,50,55.0,4.0,2335.9,support,No Feedback,False,0.07047619047619047,0.09523809523809523,Medium
A-f92792,Company_67,FinTech,US,Pro,528,31,28,45.0,4.0,1343.357142857143,features,No Feedback,False,0.05860113421550094,0.052930056710775046,Medium
A-f97b9a,Company_159,FinTech,US,Pro,561,33,77,31.71428571428572,3.666666666666666,2166.6363636363635,Unknown,No Feedback,False,0.05871886120996441,0.13701067615658363,Medium
A-f9cc74,Company_360,DevTools,FR,Enterprise,484,22,60,49.833333333333336,4.0,1555.7,Unknown,No Feedback,False,0.04536082474226804,0.12371134020618557,Medium
A-fa2041,Company_211,HealthTech,US,Pro,552,34,12,16.0,3.0,1742.9166666666667,competitor,switched to competitor,False,0.06148282097649186,0.0216998191681736,Medium
A-fa3095,Company_174,FinTech,US,Basic,600,42,60,49.20000000000001,5.0,5769.166666666667,support,missing features,False,0.06988352745424292,0.09983361064891846,Medium
A-faa28c,Company_91,HealthTech,US,Enterprise,585,24,56,52.25,4.666666666666667,4171.714285714285,features,No Feedback,False,0.040955631399317405,0.09556313993174062,Medium
A-fabe19,Company_97,DevTools,UK,Enterprise,337,16,21,40.666666666666664,4.0,2928.1428571428573,Unknown,No Feedback,False,0.047337278106508875,0.0621301775147929,Medium
A-fb186e,Company_131,EdTech,IN,Basic,207,7,18,26.166666666666668,3.6666666666666665,1923.6666666666667,Unknown,No Feedback,False,0.03365384615384615,0.08653846153846154,Low
A-fce879,Company_291,EdTech,UK,Pro,299,14,10,28.0,4.0,1359.4,features,switched to competitor,True,0.04666666666666667,0.03333333333333333,Low
A-fd7ad3,Company_100,Cybersecurity,US,Enterprise,567,42,80,48.75,4.166666666666667,383.1,unknown,No Feedback,False,0.07394366197183098,0.14084507042253522,Medium
A-fd9422,Company_263,Cybersecurity,US,Pro,456,21,54,44.333333333333336,3.5,3125.5555555555557,Unknown,No Feedback,False,0.045951859956236324,0.11816192560175055,Medium
A-fda07f,Company_230,Cybersecurity,FR,Basic,681,39,60,17.8,4.0,2368.1666666666665,support,missing features,False,0.05718475073313783,0.08797653958944282,High
A-fdfc91,Company_414,Cybersecurity,US,Basic,564,29,50,28.8,3.6666666666666665,2061.2,Unknown,No Feedback,False,0.05132743362831858,0.08849557522123894,Medium
A-fe79a5,Company_81,HealthTech,IN,Basic,335,17,40,28.5,5.0,1353.2,Unknown,No Feedback,False,0.050595238095238096,0.11904761904761904,Medium
A-ff3c73,Company_244,HealthTech,AU,Pro,408,23,18,35.5,3.5,481.6666666666667,competitor,missing features,False,0.05623471882640587,0.044009779951100246,Medium
A-ff79f2,Company_165,DevTools,US,Basic,393,12,18,50.0,3.9641630901287552,3097.0,Unknown,No Feedback,True,0.030456852791878174,0.04568527918781726,Medium
A-ffc04f,Company_307,EdTech,US,Pro,857,64,105,17.714285714285715,4.5,1335.9333333333334,unknown,No Feedback,False,0.07459207459207459,0.12237762237762238,High
A-ffdfd5,Company_365,EdTech,US,Basic,529,28,0,36.23851523363719,3.9641630901287552,1432.2,features,missing features,True,0.052830188679245285,0.0,Medium
